{"cameraMode":{"drawMode":0,"name":"Shaded","section":"Shading Mode"},"sceneLighting":true,"audioPlay":false,"sceneViewState":{"showFog":true,"showMaterialUpdate":false,"showSkybox":true,"showFlares":true,"showImageEffects":true,"showParticleSystems":true},"in2DMode":false,"pivot":{"x":-0.7191686630249023,"y":-0.12339067459106446,"z":0.012359857559204102},"rotation":{"x":-0.1334422379732132,"y":0.8042429685592651,"z":-0.19707560539245606,"w":-0.5445622801780701},"size":10.0,"orthographic":false}