{"cameraMode":{"drawMode":0,"name":"Shaded","section":"Shading Mode"},"sceneLighting":true,"audioPlay":false,"sceneViewState":{"showFog":true,"showMaterialUpdate":false,"showSkybox":true,"showFlares":true,"showImageEffects":true,"showParticleSystems":true},"in2DMode":false,"pivot":{"x":-28.09388542175293,"y":-21.71476173400879,"z":66.32250213623047},"rotation":{"x":-0.15107017755508424,"y":0.19784122705459596,"z":-0.0308736190199852,"w":-0.9680368900299072},"size":87.70640563964844,"orthographic":false}