{"cameraMode":{"drawMode":0,"name":"Shaded","section":"Shading Mode"},"sceneLighting":true,"audioPlay":false,"sceneViewState":{"showFog":true,"showMaterialUpdate":false,"showSkybox":true,"showFlares":true,"showImageEffects":true,"showParticleSystems":true},"in2DMode":false,"pivot":{"x":1.3715428113937379,"y":-1.4397130012512208,"z":7.010517120361328},"rotation":{"x":-0.2075260728597641,"y":-0.1062929704785347,"z":0.02268994227051735,"w":-0.9721733331680298},"size":13.120707511901856,"orthographic":false}