{"cameraMode":{"drawMode":0,"name":"Shaded","section":"Shading Mode"},"sceneLighting":true,"audioPlay":false,"sceneViewState":{"showFog":true,"showMaterialUpdate":false,"showSkybox":true,"showFlares":true,"showImageEffects":true,"showParticleSystems":true},"in2DMode":false,"pivot":{"x":-5.74790096282959,"y":-0.7646751403808594,"z":-5.847550392150879},"rotation":{"x":-0.1981084793806076,"y":0.5309244394302368,"z":-0.12925630807876588,"w":-0.8137363195419312},"size":29.003210067749025,"orthographic":false}